{"mean":{"confidence_interval":{"confidence_level":0.95,"lower_bound":-0.010533972971627484,"upper_bound":0.0005266817667166901},"point_estimate":-0.004876457987209815,"standard_error":0.002830666447432456},"median":{"confidence_interval":{"confidence_level":0.95,"lower_bound":-0.005921577168170211,"upper_bound":-0.0006851019031769434},"point_estimate":-0.004075177511383532,"standard_error":0.0013679955446667192}}