{"mean":{"confidence_interval":{"confidence_level":0.95,"lower_bound":114.15475628027416,"upper_bound":114.98493809031274},"point_estimate":114.5435475815172,"standard_error":0.211498496896062},"median":{"confidence_interval":{"confidence_level":0.95,"lower_bound":113.29463467459138,"upper_bound":113.78935164985508},"point_estimate":113.49063702295615,"standard_error":0.12890109946042602},"median_abs_dev":{"confidence_interval":{"confidence_level":0.95,"lower_bound":1.5601036605253393,"upper_bound":1.971367822161494},"point_estimate":1.7493051677059714,"standard_error":0.10539149524447775},"slope":{"confidence_interval":{"confidence_level":0.95,"lower_bound":114.25895922900757,"upper_bound":115.13858473375653},"point_estimate":114.67274107976833,"standard_error":0.22443502917880553},"std_dev":{"confidence_interval":{"confidence_level":0.95,"lower_bound":3.364851783027804,"upper_bound":6.073526767264213},"point_estimate":4.720584399005148,"standard_error":0.6934324219971123}}