{"mean":{"confidence_interval":{"confidence_level":0.95,"lower_bound":-0.014793945545683095,"upper_bound":-0.0012366652862408954},"point_estimate":-0.007863229939034544,"standard_error":0.0034574113558220564},"median":{"confidence_interval":{"confidence_level":0.95,"lower_bound":-0.0038390550954922054,"upper_bound":0.00013602356350350675},"point_estimate":-0.0019379462996194086,"standard_error":0.001053647817146815}}